{
  "mean_auc": 0.863902780277067,
  "std": 0.0038681572050535988,
  "folds": [
    0.8618592571806215,
    0.8651215452174926,
    0.8593061119893268,
    0.8706955600404954,
    0.8625314269573989
  ]
}