{
  "human_to_mouse_auc": 0.3842390505530582,
  "mouse_to_human_auc": 0.45220746957547586
}